﻿<?xml version="1.0" encoding="utf-8"?>
<publishData>
  <publishProfile publishUrl="C:\Users\Alexander\Desktop\case publish" deleteExistingFiles="False" ftpAnonymousLogin="False" ftpPassiveMode="True" msdeploySite="" msdeploySiteID="" msdeployRemoteSitePhysicalPath="" msdeployAllowUntrustedCertificate="False" msdeploySkipExtraFilesOnServer="True" msdeployMarkAsApp="False" profileName="Profil1" publishMethod="FileSystem" replaceMatchingFiles="True" userName="" savePWD="False" userPWD="" SelectedForPublish="True">
    <file relUrl="bin/Antlr3.Runtime.dll" publishTime="06/24/2014 16:37:06" />
    <file relUrl="Auftragseingang/ZulassungLaufkunde.aspx" publishTime="05/06/2014 11:17:28" />
    <file relUrl="Auftragseingang/AbmeldungGrosskunde.ascx" publishTime="08/04/2014 16:33:30" />
    <file relUrl="App_Browsers/browsers.browser" publishTime="03/06/2014 10:51:04" />
    <file relUrl="ImportExport/test.aspx" publishTime="05/06/2014 11:17:31" />
    <file relUrl="Nachbearbeitung_Abmeldung/LieferscheinAbmeldung.ascx" publishTime="05/06/2014 11:17:35" />
    <file relUrl="bin/Microsoft.Web.Infrastructure.dll" publishTime="06/24/2014 16:37:16" />
    <file relUrl="images/check2.png" publishTime="03/17/2014 15:28:36" />
    <file relUrl="App_Data/RadCaptcha/B.wav" publishTime="05/06/2014 11:17:23" />
    <file relUrl="App_Data/RadCaptcha/E.wav" publishTime="05/06/2014 11:17:23" />
    <file relUrl="App_Data/RadCaptcha/I.wav" publishTime="05/06/2014 11:17:23" />
    <file relUrl="Auftragsbearbeitung_Neuzulassung/Zulassungsstelle.ascx" publishTime="09/19/2014 11:06:46" />
    <file relUrl="Auftragsbearbeitung_Neuzulassung/AuftragsbearbeitungNeuzulassung.aspx" publishTime="05/06/2014 11:17:30" />
    <file relUrl="App_Data/RadCaptcha/S.wav" publishTime="05/06/2014 11:17:23" />
    <file relUrl="Styles/favicon.ico" publishTime="05/06/2014 11:17:24" />
    <file relUrl="Permission/PermissionProfile.ascx" publishTime="06/16/2014 16:51:21" />
    <file relUrl="bin/Telerik.Web.UI.Skins.dll" publishTime="05/06/2014 11:17:48" />
    <file relUrl="Customer/LargeCustomerDetails.ascx" publishTime="08/29/2014 09:54:14" />
    <file relUrl="Auftragseingang/NeuzulassungGrosskunde.aspx" publishTime="05/06/2014 11:17:28" />
    <file relUrl="App_Data/RadCaptcha/Q.wav" publishTime="05/06/2014 11:17:23" />
    <file relUrl="ImportExport/ExportInvoices.ascx" publishTime="05/06/2014 11:17:31" />
    <file relUrl="images/check0.png" publishTime="03/17/2014 15:28:36" />
    <file relUrl="Permission/UserPermission.ascx" publishTime="05/06/2014 11:17:33" />
    <file relUrl="bin/KVSCommon.pdb" publishTime="09/22/2014 15:49:06" />
    <file relUrl="App_Data/RadCaptcha/R.wav" publishTime="05/06/2014 11:17:23" />
    <file relUrl="bin/KVSWebApplication.pdb" publishTime="09/22/2014 15:49:12" />
    <file relUrl="App_Data/RadCaptcha/U.wav" publishTime="05/06/2014 11:17:23" />
    <file relUrl="App_Data/RadCaptcha/L.wav" publishTime="05/06/2014 11:17:23" />
    <file relUrl="Styles/zulassungstelle.css" publishTime="05/06/2014 11:17:24" />
    <file relUrl="App_Data/RadCaptcha/Y.wav" publishTime="05/06/2014 11:17:23" />
    <file relUrl="App_Data/RadCaptcha/O.wav" publishTime="05/06/2014 11:17:23" />
    <file relUrl="Pictures/back.gif" publishTime="05/23/2013 14:24:44" />
    <file relUrl="Scripts/scripts.js" publishTime="05/06/2014 11:17:25" />
    <file relUrl="Abrechnung/InvoiceRun.ascx" publishTime="08/27/2014 13:58:03" />
    <file relUrl="bin/Newtonsoft.Json.dll" publishTime="06/24/2014 16:37:20" />
    <file relUrl="App_Data/RadCaptcha/5.wav" publishTime="05/06/2014 11:17:23" />
    <file relUrl="App_Data/RadCaptcha/4.wav" publishTime="05/06/2014 11:17:23" />
    <file relUrl="App_Data/RadCaptcha/9.wav" publishTime="05/06/2014 11:17:23" />
    <file relUrl="App_Data/RadCaptcha/8.wav" publishTime="05/06/2014 11:17:23" />
    <file relUrl="Auftragseingang/AuftragseingangAbmeldung.ascx" publishTime="05/06/2014 11:17:28" />
    <file relUrl="Customer/AddCustomer.ascx" publishTime="08/27/2014 10:18:25" />
    <file relUrl="App_Data/RadCaptcha/N.wav" publishTime="05/06/2014 11:17:23" />
    <file relUrl="App_Data/RadCaptcha/Z.wav" publishTime="05/06/2014 11:17:23" />
    <file relUrl="App_Data/RadCaptcha/7.wav" publishTime="05/06/2014 11:17:23" />
    <file relUrl="ChangePassword.aspx" publishTime="05/06/2014 11:17:24" />
    <file relUrl="images/button.gif" publishTime="04/17/2013 11:52:53" />
    <file relUrl="web.config" publishTime="09/22/2014 14:18:26" />
    <file relUrl="ImportExport/ImportExport.aspx" publishTime="05/06/2014 11:17:31" />
    <file relUrl="packages.config" publishTime="03/06/2014 11:14:17" />
    <file relUrl="ChangeHistory/OrderHistory.aspx" publishTime="05/06/2014 11:17:29" />
    <file relUrl="Default.Master" publishTime="08/27/2014 14:12:37" />
    <file relUrl="index.html" publishTime="05/06/2014 11:17:31" />
    <file relUrl="Pictures/bluegradient.gif" publishTime="04/25/2013 09:52:46" />
    <file relUrl="Styles/statisticStyle.css" publishTime="05/06/2014 11:17:24" />
    <file relUrl="Scripts/jQUery.js" publishTime="05/06/2014 11:17:25" />
    <file relUrl="Customer/CustomerInformation.aspx" publishTime="05/06/2014 11:17:07" />
    <file relUrl="Abrechnung/stateRequest.aspx" publishTime="05/06/2014 11:17:32" />
    <file relUrl="App_Data/RadCaptcha/6.wav" publishTime="05/06/2014 11:17:23" />
    <file relUrl="Pictures/Zulassungsheader.jpg" publishTime="05/22/2013 16:57:17" />
    <file relUrl="bin/Newtonsoft.Json.xml" publishTime="06/24/2014 16:37:20" />
    <file relUrl="bin/MigraDoc.Rendering-WPF.dll" publishTime="05/06/2014 11:17:58" />
    <file relUrl="Scripts/cssverticalmenu.js" publishTime="05/06/2014 11:17:25" />
    <file relUrl="bin/System.Web.Optimization.xml" publishTime="06/24/2014 16:37:07" />
    <file relUrl="Auftragsbearbeitung_Neuzulassung/FehlerhaftZulassung.ascx" publishTime="05/06/2014 11:17:30" />
    <file relUrl="Permission/Permission_Details.aspx" publishTime="05/06/2014 11:17:33" />
    <file relUrl="App_Data/RadCaptcha/A.wav" publishTime="05/06/2014 11:17:23" />
    <file relUrl="Abrechnung/AbrechnungErstellen.ascx" publishTime="08/08/2014 11:56:56" />
    <file relUrl="bin/System.Web.Optimization.dll" publishTime="06/24/2014 16:37:07" />
    <file relUrl="Pictures/our_logo.jpg" publishTime="04/17/2013 11:15:22" />
    <file relUrl="Scripts/lieferscheine_abm.js" publishTime="05/06/2014 11:17:25" />
    <file relUrl="Auftragsbearbeitung_Neuzulassung/VersandZulassung.ascx" publishTime="09/19/2014 10:41:32" />
    <file relUrl="bin/KVSCommon.dll" publishTime="09/22/2014 15:49:06" />
    <file relUrl="default.aspx" publishTime="09/19/2014 16:31:12" />
    <file relUrl="Scripts/jquery-1.9.1.js" publishTime="08/27/2014 11:24:57" />
    <file relUrl="Product/CustomerProducts.ascx" publishTime="09/01/2014 12:01:07" />
    <file relUrl="bin/PdfSharp-WPF.dll" publishTime="05/06/2014 11:17:58" />
    <file relUrl="bin/KVSWebApplication.dll" publishTime="09/22/2014 15:49:13" />
    <file relUrl="Product/Product_Details.aspx" publishTime="05/06/2014 11:17:33" />
    <file relUrl="AccessDenied.aspx" publishTime="05/06/2014 11:17:33" />
    <file relUrl="Styles/styles_old.css" publishTime="06/26/2014 12:39:35" />
    <file relUrl="Auftragseingang/AuftragseingangZulassung.ascx" publishTime="05/06/2014 11:17:28" />
    <file relUrl="AllOrders.aspx" publishTime="05/06/2014 11:17:26" />
    <file relUrl="Nachbearbeitung_Abmeldung/Fehlerhaft.ascx" publishTime="05/06/2014 11:17:35" />
    <file relUrl="App_Data/RadCaptcha/D.wav" publishTime="05/06/2014 11:17:23" />
    <file relUrl="Pictures/Zulassungsheader1.jpg" publishTime="06/10/2013 10:29:08" />
    <file relUrl="App_Data/RadCaptcha/G.wav" publishTime="05/06/2014 11:17:23" />
    <file relUrl="App_Data/RadCaptcha/H.wav" publishTime="05/06/2014 11:17:23" />
    <file relUrl="Customer/CostCenter.ascx" publishTime="09/02/2014 16:37:56" />
    <file relUrl="App_Data/RadCaptcha/K.wav" publishTime="05/06/2014 11:17:23" />
    <file relUrl="images/background.jpg" publishTime="04/17/2013 11:52:53" />
    <file relUrl="Auftragseingang/Auftragseingang.aspx" publishTime="05/06/2014 11:17:28" />
    <file relUrl="Auftragsbearbeitung_Neuzulassung/OffenNeuzulassung.ascx" publishTime="09/03/2014 17:02:36" />
    <file relUrl="bin/Telerik.Web.UI.dll" publishTime="05/06/2014 11:17:48" />
    <file relUrl="Auftragseingang/NeuzulassungLaufkunde.ascx" publishTime="08/27/2014 11:19:16" />
    <file relUrl="Nachbearbeitung_Abmeldung/Versand.ascx" publishTime="09/19/2014 10:20:30" />
    <file relUrl="bin/Antlr3.Runtime.pdb" publishTime="06/24/2014 16:37:06" />
    <file relUrl="Abrechnung/StornierteRechnungen.ascx" publishTime="05/06/2014 11:17:32" />
    <file relUrl="Pictures/imageMiddle.jpg" publishTime="04/07/2014 10:24:57" />
    <file relUrl="bin/WebGrease.dll" publishTime="06/24/2014 16:37:21" />
    <file relUrl="App_Data/RadCaptcha/1.wav" publishTime="05/06/2014 11:17:23" />
    <file relUrl="Nachbearbeitung_Abmeldung/AuftragsbearbeitungAbmeldung.ascx" publishTime="09/03/2014 17:02:37" />
    <file relUrl="App_Data/RadCaptcha/0.wav" publishTime="05/06/2014 11:17:23" />
    <file relUrl="Mailing/Mailing_Details.aspx" publishTime="05/06/2014 11:17:23" />
    <file relUrl="Pictures/logo.jpg" publishTime="05/14/2013 14:41:30" />
    <file relUrl="Auftragseingang/NeuzulassungGrosskunde.ascx" publishTime="08/04/2014 16:34:40" />
    <file relUrl="App_Data/RadCaptcha/F.wav" publishTime="05/06/2014 11:17:23" />
    <file relUrl="Search/search.aspx" publishTime="09/19/2014 12:46:26" />
    <file relUrl="bin/Telerik.Web.Design.dll" publishTime="05/06/2014 11:17:48" />
    <file relUrl="Styles/nachbearbeitungInfo.css" publishTime="05/06/2014 11:17:24" />
    <file relUrl="App_Data/RadCaptcha/J.wav" publishTime="05/06/2014 11:17:23" />
    <file relUrl="App_Data/RadCaptcha/T.wav" publishTime="05/06/2014 11:17:23" />
    <file relUrl="App_Data/RadCaptcha/W.wav" publishTime="05/06/2014 11:17:23" />
    <file relUrl="App_Data/RadCaptcha/X.wav" publishTime="05/06/2014 11:17:23" />
    <file relUrl="App_Data/RadCaptcha/P.wav" publishTime="05/06/2014 11:17:23" />
    <file relUrl="User/CreateUser.aspx" publishTime="05/06/2014 11:17:23" />
    <file relUrl="Product/AllProducts.ascx" publishTime="09/01/2014 11:35:25" />
    <file relUrl="Pictures/AddRecord.gif" publishTime="05/03/2013 09:38:31" />
    <file relUrl="Pictures/Delete.gif" publishTime="05/23/2013 11:05:45" />
    <file relUrl="App_Data/RadCaptcha/3.wav" publishTime="05/06/2014 11:17:23" />
    <file relUrl="App_Data/RadCaptcha/2.wav" publishTime="05/06/2014 11:17:23" />
    <file relUrl="Auftragseingang/AbmeldungGrosskunde.aspx" publishTime="05/06/2014 11:17:28" />
    <file relUrl="Auftragseingang/AbmeldungLaufkunde.ascx" publishTime="08/27/2014 11:17:23" />
    <file relUrl="ImportExport/ImportCustomers.ascx" publishTime="05/06/2014 11:17:31" />
    <file relUrl="Styles/auftragseingang.css" publishTime="05/06/2014 11:17:24" />
    <file relUrl="App_Data/RadCaptcha/V.wav" publishTime="05/06/2014 11:17:23" />
    <file relUrl="Styles/styles.css" publishTime="05/06/2014 11:17:24" />
    <file relUrl="Statistic/statistic.aspx" publishTime="05/06/2014 11:17:29" />
    <file relUrl="Nachbearbeitung_Abmeldung/ZulassungNachbearbeitung.ascx" publishTime="09/19/2014 11:03:38" />
    <file relUrl="bin/MigraDoc.DocumentObjectModel-WPF.dll" publishTime="05/06/2014 11:17:58" />
    <file relUrl="Auftragseingang/AbmeldungLaufkunde.aspx" publishTime="05/06/2014 11:17:28" />
    <file relUrl="login.aspx" publishTime="06/26/2014 17:08:26" />
    <file relUrl="Scripts/lieferscheine_zul.js" publishTime="05/06/2014 11:17:25" />
    <file relUrl="Customer/Location_Details.ascx" publishTime="08/29/2014 17:40:07" />
    <file relUrl="Abrechnung/Abrechnung.aspx" publishTime="05/06/2014 11:17:32" />
    <file relUrl="Abrechnung/AbrechnungSave.ascx" publishTime="09/19/2014 13:41:37" />
    <file relUrl="Customer/SmallCustomerDetails.ascx" publishTime="08/29/2014 09:40:23" />
    <file relUrl="RequiredField/RequiredField_Details.aspx" publishTime="05/06/2014 11:17:33" />
    <file relUrl="Styles/CustomerStyle.css" publishTime="05/06/2014 11:17:24" />
    <file relUrl="Nachbearbeitung_Abmeldung/NachbearbeitungAbmeldung.aspx" publishTime="05/06/2014 11:17:35" />
    <file relUrl="App_Data/RadCaptcha/M.wav" publishTime="05/06/2014 11:17:23" />
    <file relUrl="Scripts/jquery-ui.js" publishTime="05/06/2014 11:17:25" />
    <file relUrl="ChangeHistory/ChangeLog.aspx" publishTime="05/06/2014 11:17:29" />
    <file relUrl="Permission/AllPermission.ascx" publishTime="05/06/2014 11:17:33" />
    <file relUrl="images/check1.png" publishTime="03/17/2014 15:28:36" />
    <file relUrl="Pictures/achtung.gif" publishTime="04/23/2014 12:56:28" />
    <file relUrl="Auftragsbearbeitung_Neuzulassung/Lieferscheine.ascx" publishTime="05/06/2014 11:17:30" />
    <file relUrl="App_Data/RadCaptcha/C.wav" publishTime="05/06/2014 11:17:23" />
  </publishProfile>
</publishData>